brand,rating
Anastasia Beverly Hills,4.192857142857143
Drunk Elephant,4.216666666666667
Drybar,3.810344827586207
FENTY BEAUTY by Rihanna,3.9411764705882355
HUDA BEAUTY,4.101851851851852
Laura Mercier,4.1484375
